점검일자,지역,아파트명,점검세대수,
Aug-23,대전광역시,갑천1블럭트리플시티힐스테이트,15,
Oct-23,충청남도,천안풍세한양수자인에코시티,56,
Nov-23,충청남도,천안호반포레센트,25,
Nov-23,충청남도,천안신부포레나,35,
Nov-23,대전광역시,대전도안힐스테이트 오피스텔,45,
Dec-23,경기도,오산롯데캐슬시그니쳐,38,
Dec-23,전라북도,익산마동힐스테이트,25,
Dec-23,대전광역시,대전신탄진동일스카이2차,56,
Jan-24,세종특별자치시,세종리첸시아파밀리에6-3,45,
Jan-24,대전광역시,대전대덕브라운스톤,61,
Jan-24,인천광역시,인천검단이편한세상어반센트로,35,
Jan-24,대전광역시,대전선화해모로더센트라,23,
Mar-24,대전광역시,대전호반써밋2/4블럭,88,
May-24,세종특별자치시,세종자이더시티6-3생활권,76,
Jun-24,대전광역시,대전용두하늘채엘센트로,74,
Jun-24,충청남도,천안성성지구비스타동원,61,
Aug-24,세종특별자치시,세종엘리프(봉산리),89,
Sep-24,대전광역시,대전한신더휴리저브,51,
Sep-24,충청북도,음성푸르지오더퍼스트,46,
Oct-24,서울특별시,서울올림픽파크포레온,97,
Nov-24,대전광역시,대전천동리더스시티5BL,86,
Nov-24,대전광역시,대전도마호반써밋,43,
Dec-24,충청남도,논산아이파크,48,
Jan-25,대전광역시,대전둔산더샵엘리프,99,
Feb-25,인천광역시,인천신검단중앙역제일풍경채2차,88,
Feb-25,충청남도,천안두정역힐스테이트,57,
Mar-25,대전광역시,대전송촌엘리프,86,
May-25,대전광역시,대전둔산자이아이파크,43,
May-25,충청남도,천안더샵신부센트라,83,
Jun-25,충청남도,천안힐스테이트듀클래스,60,
Jul-25,충청남도,천안청당롯데캐슬,68,
Sep-25,대전광역시,갑천2블럭트리플시티엘리프,120,
Nov-25,충청남도,아산힐스테이트자이센텀시티,53,
Mar-26,대전광역시,대전월평공원포레나,89,
Apr-26,경기도,오산호반라프리미어,57,
May-26,광주광역시,광주선운지구예다음,77,
